Lastname,Firstname,departments
Abdulrahman,Rula,Nephrology and Hypertension
Caruana,Alison,Neurology
Chen,Jeffrey,Pediatrics
Cruickshank,Brian,Orthopaedics
Guido,Michael,Neurology
Haas,Jennifer,Pediatrics
Howe,Erin,Pediatrics
Hurley,David,Geriatric and  General Medicine
Hussain,Ayesha,Obstetrics and Gynecology
Jaspal,Hardeep,Psychiatry
Kaplan,Diana,Pediatrics
Khan,Ali,Emergency Medicine
Lau,Bernard,Pediatrics
Lee,Jeanette,Geriatric and  General Medicine
Leon,Cynthia,Obstetrics and Gynecology
Maleson,Andrew,Radiology
McGreal,Mary,Office of the Dean of Nursing
Montecalvo,Rosemarie,Psychiatry
Murray,Christopher,Geriatric and  General Medicine
Ng,Brandon,Geriatric and  General Medicine
Park,Sherwin,Anesthesiology
Piraino,Darlene,Occupational Therapy
Pongvitayapanu,Richard,Pediatrics
Prochilo,Inken,Occupational Therapy
Rahman,Md,Pulmonary and Critical Care
Shah,Rohan,Geriatric and  General Medicine
Stein,Scott,"Medicine, Chair"
Thomas,Anu,Department of Medicine
Trimboli,Tracy,Office of the Dean of Nursing
Wang,He,Dept of Pathology
West,Steven,Radiology
Zheng,Yun,Geriatric and  General Medicine